<annotation>
	<folder>ezgif-2-66bfb6c436-jpg</folder>
	<filename>pict_2_part-128.jpg</filename>
	<path>C:\Users\alesh\Desktop\dataset\ezgif-2-66bfb6c436-jpg\pict_2_part-128.jpg</path>
	<source>
		<database>Unknown</database>
	</source>
	<size>
		<width>480</width>
		<height>320</height>
		<depth>3</depth>
	</size>
	<segmented>0</segmented>
	<object>
		<name>Square</name>
		<pose>Unspecified</pose>
		<truncated>0</truncated>
		<difficult>0</difficult>
		<bndbox>
			<xmin>136</xmin>
			<ymin>135</ymin>
			<xmax>180</xmax>
			<ymax>175</ymax>
		</bndbox>
	</object>
	<object>
		<name>fish</name>
		<pose>Unspecified</pose>
		<truncated>0</truncated>
		<difficult>0</difficult>
		<bndbox>
			<xmin>212</xmin>
			<ymin>145</ymin>
			<xmax>259</xmax>
			<ymax>175</ymax>
		</bndbox>
	</object>
	<object>
		<name>fish</name>
		<pose>Unspecified</pose>
		<truncated>0</truncated>
		<difficult>0</difficult>
		<bndbox>
			<xmin>176</xmin>
			<ymin>180</ymin>
			<xmax>220</xmax>
			<ymax>209</ymax>
		</bndbox>
	</object>
	<object>
		<name>fish</name>
		<pose>Unspecified</pose>
		<truncated>0</truncated>
		<difficult>0</difficult>
		<bndbox>
			<xmin>132</xmin>
			<ymin>214</ymin>
			<xmax>183</xmax>
			<ymax>247</ymax>
		</bndbox>
	</object>
	<object>
		<name>fish</name>
		<pose>Unspecified</pose>
		<truncated>0</truncated>
		<difficult>0</difficult>
		<bndbox>
			<xmin>216</xmin>
			<ymin>212</ymin>
			<xmax>256</xmax>
			<ymax>241</ymax>
		</bndbox>
	</object>
</annotation>
