<annotation verified="yes">
	<folder>ezgif-2-66bfb6c436-jpg</folder>
	<filename>pict_2_part-101.jpg</filename>
	<path>C:\Users\alesh\Desktop\dataset\ezgif-2-66bfb6c436-jpg\pict_2_part-101.jpg</path>
	<source>
		<database>Unknown</database>
	</source>
	<size>
		<width>480</width>
		<height>320</height>
		<depth>3</depth>
	</size>
	<segmented>0</segmented>
	<object>
		<name>fish</name>
		<pose>Unspecified</pose>
		<truncated>0</truncated>
		<difficult>0</difficult>
		<bndbox>
			<xmin>26</xmin>
			<ymin>198</ymin>
			<xmax>59</xmax>
			<ymax>220</ymax>
		</bndbox>
	</object>
	<object>
		<name>fish</name>
		<pose>Unspecified</pose>
		<truncated>0</truncated>
		<difficult>0</difficult>
		<bndbox>
			<xmin>2</xmin>
			<ymin>227</ymin>
			<xmax>39</xmax>
			<ymax>248</ymax>
		</bndbox>
	</object>
	<object>
		<name>fish</name>
		<pose>Unspecified</pose>
		<truncated>0</truncated>
		<difficult>0</difficult>
		<bndbox>
			<xmin>39</xmin>
			<ymin>247</ymin>
			<xmax>64</xmax>
			<ymax>270</ymax>
		</bndbox>
	</object>
</annotation>
