<annotation>
	<folder>ezgif-2-4f6e401191-jpg</folder>
	<filename>pict_1_part-043.jpg</filename>
	<path>C:\Users\alesh\Desktop\dataset\ezgif-2-4f6e401191-jpg\pict_1_part-043.jpg</path>
	<source>
		<database>Unknown</database>
	</source>
	<size>
		<width>480</width>
		<height>320</height>
		<depth>3</depth>
	</size>
	<segmented>0</segmented>
	<object>
		<name>Square</name>
		<pose>Unspecified</pose>
		<truncated>0</truncated>
		<difficult>0</difficult>
		<bndbox>
			<xmin>118</xmin>
			<ymin>28</ymin>
			<xmax>178</xmax>
			<ymax>77</ymax>
		</bndbox>
	</object>
	<object>
		<name>Square</name>
		<pose>Unspecified</pose>
		<truncated>0</truncated>
		<difficult>0</difficult>
		<bndbox>
			<xmin>215</xmin>
			<ymin>51</ymin>
			<xmax>264</xmax>
			<ymax>101</ymax>
		</bndbox>
	</object>
	<object>
		<name>Circle</name>
		<pose>Unspecified</pose>
		<truncated>0</truncated>
		<difficult>0</difficult>
		<bndbox>
			<xmin>166</xmin>
			<ymin>84</ymin>
			<xmax>224</xmax>
			<ymax>129</ymax>
		</bndbox>
	</object>
	<object>
		<name>Circle</name>
		<pose>Unspecified</pose>
		<truncated>0</truncated>
		<difficult>0</difficult>
		<bndbox>
			<xmin>102</xmin>
			<ymin>135</ymin>
			<xmax>159</xmax>
			<ymax>180</ymax>
		</bndbox>
	</object>
	<object>
		<name>Circle</name>
		<pose>Unspecified</pose>
		<truncated>0</truncated>
		<difficult>0</difficult>
		<bndbox>
			<xmin>216</xmin>
			<ymin>144</ymin>
			<xmax>261</xmax>
			<ymax>189</ymax>
		</bndbox>
	</object>
</annotation>
