<annotation>
	<folder>ezgif-2-66bfb6c436-jpg</folder>
	<filename>pict_2_part-039.jpg</filename>
	<path>C:\Users\alesh\Desktop\dataset\ezgif-2-66bfb6c436-jpg\pict_2_part-039.jpg</path>
	<source>
		<database>Unknown</database>
	</source>
	<size>
		<width>480</width>
		<height>320</height>
		<depth>3</depth>
	</size>
	<segmented>0</segmented>
	<object>
		<name>Circle</name>
		<pose>Unspecified</pose>
		<truncated>0</truncated>
		<difficult>0</difficult>
		<bndbox>
			<xmin>102</xmin>
			<ymin>13</ymin>
			<xmax>164</xmax>
			<ymax>69</ymax>
		</bndbox>
	</object>
	<object>
		<name>plant</name>
		<pose>Unspecified</pose>
		<truncated>0</truncated>
		<difficult>0</difficult>
		<bndbox>
			<xmin>79</xmin>
			<ymin>101</ymin>
			<xmax>140</xmax>
			<ymax>169</ymax>
		</bndbox>
	</object>
	<object>
		<name>plant</name>
		<pose>Unspecified</pose>
		<truncated>0</truncated>
		<difficult>0</difficult>
		<bndbox>
			<xmin>177</xmin>
			<ymin>84</ymin>
			<xmax>221</xmax>
			<ymax>130</ymax>
		</bndbox>
	</object>
	<object>
		<name>plant</name>
		<pose>Unspecified</pose>
		<truncated>0</truncated>
		<difficult>0</difficult>
		<bndbox>
			<xmin>214</xmin>
			<ymin>28</ymin>
			<xmax>257</xmax>
			<ymax>81</ymax>
		</bndbox>
	</object>
	<object>
		<name>plant</name>
		<pose>Unspecified</pose>
		<truncated>0</truncated>
		<difficult>0</difficult>
		<bndbox>
			<xmin>232</xmin>
			<ymin>131</ymin>
			<xmax>268</xmax>
			<ymax>178</ymax>
		</bndbox>
	</object>
</annotation>
