<annotation>
	<folder>ezgif-2-66bfb6c436-jpg</folder>
	<filename>pict_2_part-133.jpg</filename>
	<path>C:\Users\alesh\Desktop\dataset\ezgif-2-66bfb6c436-jpg\pict_2_part-133.jpg</path>
	<source>
		<database>Unknown</database>
	</source>
	<size>
		<width>480</width>
		<height>320</height>
		<depth>3</depth>
	</size>
	<segmented>0</segmented>
	<object>
		<name>Square</name>
		<pose>Unspecified</pose>
		<truncated>0</truncated>
		<difficult>0</difficult>
		<bndbox>
			<xmin>141</xmin>
			<ymin>92</ymin>
			<xmax>188</xmax>
			<ymax>134</ymax>
		</bndbox>
	</object>
	<object>
		<name>fish</name>
		<pose>Unspecified</pose>
		<truncated>0</truncated>
		<difficult>0</difficult>
		<bndbox>
			<xmin>216</xmin>
			<ymin>105</ymin>
			<xmax>261</xmax>
			<ymax>134</ymax>
		</bndbox>
	</object>
	<object>
		<name>fish</name>
		<pose>Unspecified</pose>
		<truncated>0</truncated>
		<difficult>0</difficult>
		<bndbox>
			<xmin>181</xmin>
			<ymin>137</ymin>
			<xmax>230</xmax>
			<ymax>166</ymax>
		</bndbox>
	</object>
	<object>
		<name>fish</name>
		<pose>Unspecified</pose>
		<truncated>0</truncated>
		<difficult>0</difficult>
		<bndbox>
			<xmin>140</xmin>
			<ymin>175</ymin>
			<xmax>194</xmax>
			<ymax>205</ymax>
		</bndbox>
	</object>
	<object>
		<name>fish</name>
		<pose>Unspecified</pose>
		<truncated>0</truncated>
		<difficult>0</difficult>
		<bndbox>
			<xmin>220</xmin>
			<ymin>171</ymin>
			<xmax>267</xmax>
			<ymax>200</ymax>
		</bndbox>
	</object>
</annotation>
