<annotation>
	<folder>ezgif-2-4f6e401191-jpg</folder>
	<filename>pict_1_part-063.jpg</filename>
	<path>C:\Users\alesh\Desktop\dataset\ezgif-2-4f6e401191-jpg\pict_1_part-063.jpg</path>
	<source>
		<database>Unknown</database>
	</source>
	<size>
		<width>480</width>
		<height>320</height>
		<depth>3</depth>
	</size>
	<segmented>0</segmented>
	<object>
		<name>Circle</name>
		<pose>Unspecified</pose>
		<truncated>0</truncated>
		<difficult>0</difficult>
		<bndbox>
			<xmin>176</xmin>
			<ymin>117</ymin>
			<xmax>263</xmax>
			<ymax>192</ymax>
		</bndbox>
	</object>
	<object>
		<name>Circle</name>
		<pose>Unspecified</pose>
		<truncated>0</truncated>
		<difficult>0</difficult>
		<bndbox>
			<xmin>340</xmin>
			<ymin>134</ymin>
			<xmax>401</xmax>
			<ymax>200</ymax>
		</bndbox>
	</object>
	<object>
		<name>Circle</name>
		<pose>Unspecified</pose>
		<truncated>0</truncated>
		<difficult>0</difficult>
		<bndbox>
			<xmin>273</xmin>
			<ymin>50</ymin>
			<xmax>339</xmax>
			<ymax>117</ymax>
		</bndbox>
	</object>
	<object>
		<name>Square</name>
		<pose>Unspecified</pose>
		<truncated>0</truncated>
		<difficult>0</difficult>
		<bndbox>
			<xmin>331</xmin>
			<ymin>12</ymin>
			<xmax>387</xmax>
			<ymax>72</ymax>
		</bndbox>
	</object>
</annotation>
