<annotation>
	<folder>ezgif-2-4f6e401191-jpg</folder>
	<filename>pict_1_part-058.jpg</filename>
	<path>C:\Users\alesh\Desktop\dataset\ezgif-2-4f6e401191-jpg\pict_1_part-058.jpg</path>
	<source>
		<database>Unknown</database>
	</source>
	<size>
		<width>480</width>
		<height>320</height>
		<depth>3</depth>
	</size>
	<segmented>0</segmented>
	<object>
		<name>Circle</name>
		<pose>Unspecified</pose>
		<truncated>0</truncated>
		<difficult>0</difficult>
		<bndbox>
			<xmin>136</xmin>
			<ymin>122</ymin>
			<xmax>210</xmax>
			<ymax>188</ymax>
		</bndbox>
	</object>
	<object>
		<name>Circle</name>
		<pose>Unspecified</pose>
		<truncated>0</truncated>
		<difficult>0</difficult>
		<bndbox>
			<xmin>286</xmin>
			<ymin>141</ymin>
			<xmax>347</xmax>
			<ymax>197</ymax>
		</bndbox>
	</object>
	<object>
		<name>Circle</name>
		<pose>Unspecified</pose>
		<truncated>0</truncated>
		<difficult>0</difficult>
		<bndbox>
			<xmin>226</xmin>
			<ymin>60</ymin>
			<xmax>294</xmax>
			<ymax>124</ymax>
		</bndbox>
	</object>
	<object>
		<name>Square</name>
		<pose>Unspecified</pose>
		<truncated>0</truncated>
		<difficult>0</difficult>
		<bndbox>
			<xmin>285</xmin>
			<ymin>20</ymin>
			<xmax>339</xmax>
			<ymax>78</ymax>
		</bndbox>
	</object>
	<object>
		<name>Square</name>
		<pose>Unspecified</pose>
		<truncated>1</truncated>
		<difficult>0</difficult>
		<bndbox>
			<xmin>162</xmin>
			<ymin>1</ymin>
			<xmax>235</xmax>
			<ymax>44</ymax>
		</bndbox>
	</object>
</annotation>
