<annotation>
	<folder>ezgif-2-66bfb6c436-jpg</folder>
	<filename>pict_2_part-031.jpg</filename>
	<path>C:\Users\alesh\Desktop\dataset\ezgif-2-66bfb6c436-jpg\pict_2_part-031.jpg</path>
	<source>
		<database>Unknown</database>
	</source>
	<size>
		<width>480</width>
		<height>320</height>
		<depth>3</depth>
	</size>
	<segmented>0</segmented>
	<object>
		<name>Circle</name>
		<pose>Unspecified</pose>
		<truncated>0</truncated>
		<difficult>0</difficult>
		<bndbox>
			<xmin>203</xmin>
			<ymin>73</ymin>
			<xmax>254</xmax>
			<ymax>110</ymax>
		</bndbox>
	</object>
	<object>
		<name>plant</name>
		<pose>Unspecified</pose>
		<truncated>0</truncated>
		<difficult>0</difficult>
		<bndbox>
			<xmin>201</xmin>
			<ymin>143</ymin>
			<xmax>244</xmax>
			<ymax>189</ymax>
		</bndbox>
	</object>
	<object>
		<name>plant</name>
		<pose>Unspecified</pose>
		<truncated>0</truncated>
		<difficult>0</difficult>
		<bndbox>
			<xmin>265</xmin>
			<ymin>119</ymin>
			<xmax>296</xmax>
			<ymax>158</ymax>
		</bndbox>
	</object>
	<object>
		<name>plant</name>
		<pose>Unspecified</pose>
		<truncated>0</truncated>
		<difficult>0</difficult>
		<bndbox>
			<xmin>287</xmin>
			<ymin>72</ymin>
			<xmax>322</xmax>
			<ymax>114</ymax>
		</bndbox>
	</object>
	<object>
		<name>plant</name>
		<pose>Unspecified</pose>
		<truncated>0</truncated>
		<difficult>0</difficult>
		<bndbox>
			<xmin>311</xmin>
			<ymin>156</ymin>
			<xmax>339</xmax>
			<ymax>190</ymax>
		</bndbox>
	</object>
</annotation>
