<annotation>
	<folder>ezgif-2-4f6e401191-jpg</folder>
	<filename>pict_1_part-002.jpg</filename>
	<path>C:\Users\alesh\Desktop\dataset\ezgif-2-4f6e401191-jpg\pict_1_part-002.jpg</path>
	<source>
		<database>Unknown</database>
	</source>
	<size>
		<width>480</width>
		<height>320</height>
		<depth>3</depth>
	</size>
	<segmented>0</segmented>
	<object>
		<name>Square</name>
		<pose>Unspecified</pose>
		<truncated>0</truncated>
		<difficult>0</difficult>
		<bndbox>
			<xmin>6</xmin>
			<ymin>41</ymin>
			<xmax>146</xmax>
			<ymax>142</ymax>
		</bndbox>
	</object>
	<object>
		<name>Square</name>
		<pose>Unspecified</pose>
		<truncated>0</truncated>
		<difficult>0</difficult>
		<bndbox>
			<xmin>224</xmin>
			<ymin>91</ymin>
			<xmax>309</xmax>
			<ymax>183</ymax>
		</bndbox>
	</object>
	<object>
		<name>Circle</name>
		<pose>Unspecified</pose>
		<truncated>0</truncated>
		<difficult>0</difficult>
		<bndbox>
			<xmin>113</xmin>
			<ymin>152</ymin>
			<xmax>237</xmax>
			<ymax>264</ymax>
		</bndbox>
	</object>
</annotation>
