<annotation>
	<folder>ezgif-2-66bfb6c436-jpg</folder>
	<filename>pict_2_part-043.jpg</filename>
	<path>C:\Users\alesh\Desktop\dataset\ezgif-2-66bfb6c436-jpg\pict_2_part-043.jpg</path>
	<source>
		<database>Unknown</database>
	</source>
	<size>
		<width>480</width>
		<height>320</height>
		<depth>3</depth>
	</size>
	<segmented>0</segmented>
	<object>
		<name>plant</name>
		<pose>Unspecified</pose>
		<truncated>0</truncated>
		<difficult>0</difficult>
		<bndbox>
			<xmin>214</xmin>
			<ymin>93</ymin>
			<xmax>251</xmax>
			<ymax>140</ymax>
		</bndbox>
	</object>
	<object>
		<name>plant</name>
		<pose>Unspecified</pose>
		<truncated>0</truncated>
		<difficult>0</difficult>
		<bndbox>
			<xmin>44</xmin>
			<ymin>58</ymin>
			<xmax>111</xmax>
			<ymax>123</ymax>
		</bndbox>
	</object>
	<object>
		<name>plant</name>
		<pose>Unspecified</pose>
		<truncated>0</truncated>
		<difficult>0</difficult>
		<bndbox>
			<xmin>148</xmin>
			<ymin>38</ymin>
			<xmax>199</xmax>
			<ymax>93</ymax>
		</bndbox>
	</object>
	<object>
		<name>plant</name>
		<pose>Unspecified</pose>
		<truncated>1</truncated>
		<difficult>0</difficult>
		<bndbox>
			<xmin>192</xmin>
			<ymin>1</ymin>
			<xmax>238</xmax>
			<ymax>42</ymax>
		</bndbox>
	</object>
</annotation>
