<annotation>
	<folder>ezgif-2-4f6e401191-jpg</folder>
	<filename>pict_1_part-006.jpg</filename>
	<path>C:\Users\alesh\Desktop\dataset\ezgif-2-4f6e401191-jpg\pict_1_part-006.jpg</path>
	<source>
		<database>Unknown</database>
	</source>
	<size>
		<width>480</width>
		<height>320</height>
		<depth>3</depth>
	</size>
	<segmented>0</segmented>
	<object>
		<name>Square</name>
		<pose>Unspecified</pose>
		<truncated>0</truncated>
		<difficult>0</difficult>
		<bndbox>
			<xmin>65</xmin>
			<ymin>55</ymin>
			<xmax>211</xmax>
			<ymax>178</ymax>
		</bndbox>
	</object>
	<object>
		<name>Square</name>
		<pose>Unspecified</pose>
		<truncated>0</truncated>
		<difficult>0</difficult>
		<bndbox>
			<xmin>283</xmin>
			<ymin>108</ymin>
			<xmax>378</xmax>
			<ymax>206</ymax>
		</bndbox>
	</object>
	<object>
		<name>Circle</name>
		<pose>Unspecified</pose>
		<truncated>0</truncated>
		<difficult>0</difficult>
		<bndbox>
			<xmin>182</xmin>
			<ymin>182</ymin>
			<xmax>310</xmax>
			<ymax>301</ymax>
		</bndbox>
	</object>
</annotation>
